location_id,hk_location_id,as_of_day
Philadelphia_Pennsylvania_19134,aada3270b52bdc35d9c66b79172fd65eb4d3107fbf659b5c7887648ec3a71399,2025-10-16
Dallas_Texas_75217,4111bc0de6ae81bfa1225c37c667f79cee2e55116e00f066bdd2a772d876db07,2025-10-16
Naperville_Illinois_60540,fe4361d1e4816335fa21867507ed67660865df4f1b3079986c804634d3d8a6a3,2025-10-16
Gilbert_Arizona_85234,83eefa039012c1cbf0bb954c6d403928a827c44beab8a71903fbc1aa9ecb0884,2025-10-16
Dallas_Texas_75220,3b5a0bb041e60b5e6e241abdd4cb2eb61f42371edf2b3ebdee2a54c784db2bc5,2025-10-16
Franklin_Tennessee_37064,127d4b7334413dd58874de16c84bb61f4583bebc40df953a8154f360ddfc057f,2025-10-16
New York City_New York_10011,05b6dcf56f540e15aa2247c0e5b735da6fe39a431f8344872fa7787976e0a363,2025-10-16
New Bedford_Massachusetts_2740,370d2766341ea46d1c629135542cc7fe024c91ab3a205e589f0df407d59abca1,2025-10-16
Florence_South Carolina_29501,c5bff2a99a78828396bf3994c9770fedc5e205ccfa86036e6334f2df9968bec9,2025-10-16
Edinburg_Texas_78539,b7ca86b41fb3b570ac33c1290fae26a308edabbce21387bc4411364607c4df3c,2025-10-16
Morristown_New Jersey_7960,ef36a93549a62f34720120d7545e9aca01cd9ac78f09e0cb4ba4172f7189924f,2025-10-16
Cary_North Carolina_27511,60ac3c6dd3892aef1afbd738744f371058149046c97c4385b0c4fbe9dd2870ad,2025-10-16
La Mesa_California_91941,5e010aa224e0ce2c862711eb30b0f82a3a30ddef95ced0a14842f90ccce9bb29,2025-10-16
Beaumont_Texas_77705,2e7074ca2821bc93f2ffea72e9ef6f57c9c4e9bc58739d2b7a9a63091589b5b8,2025-10-16
Elyria_Ohio_44035,82fe4dd8ddd5eeb529724616a36f2c3ee3e51cb174e9355125eda27d0f00e119,2025-10-16
Hagerstown_Maryland_21740,3c12f9df5f4af35ca4a64d00925637202c57be9ff2371110df107b135543ec9f,2025-10-16
Springdale_Arkansas_72762,549c39808030cb488fb968ea457e34c774d64ac26bbaabc8518982b299657683,2025-10-16
Roseville_California_95661,98e167df98b392631138bbef8ed571fce1cb60a29d0dc3d038a98b8845a1cb0d,2025-10-16
Green Bay_Wisconsin_54302,4b6609c492e45ea97cd4e98f1e3920f1e1fc596f27c2d02f9ccd5165c7940cdb,2025-10-16
Mount Vernon_New York_10550,33359443bba85adaa93a9a1e0874fa24d443bdfc5a57a66ba4b8c9740f82189b,2025-10-16
Round Rock_Texas_78664,4fbcf20b894f8e2577ee98f9e29f0ceae83bbd7f48f73910dbf26fcfccb381dc,2025-10-16
Jackson_Tennessee_38301,ffa0cfd372625c4df40ec3b49420a678748296495409b92e2cf1d21f1457857e,2025-10-16
Daytona Beach_Florida_32114,b07350d6c0437d76b67f386be315f32d1d0588c0b36c7f1dd0bb63561f6eef60,2025-10-16
Quincy_Massachusetts_2169,bab009183d65166f6c11bdb2bc2b879c47b5bf448a938b3d6cf9409541992a46,2025-10-16
Sandy Springs_Georgia_30328,e58dc59d4298086703d4de7fbdb5e7411555e7a96a79210fae49b6e11e3b2441,2025-10-16
Montebello_California_90640,28d77f95f63d051691197fee3a57dd671b6547ad3f960a646a43c83b7c42b603,2025-10-16
Brownsville_Texas_78521,b1544f0be6de41c96c140857ffdd13e447b411285cc69b6ef9f7b18ebab4aaa7,2025-10-16
Boynton Beach_Florida_33437,dc3b15cdfca84a81eb3768cdff2765bd63c96c98bb1737146458bf0d93185c50,2025-10-16
Missouri City_Texas_77489,b12b0bc35f0c9755b9a88bdd269f51de4f3a9b372613c922f9fa9544092580f0,2025-10-16
Las Vegas_Nevada_89115,8b54a31b42e528f2f449cc175766643ee856a03a840275a3f3ca15366e1c0500,2025-10-16
Tulsa_Oklahoma_74133,c1a9023e2800b9d56bba582675ba308d84af1f31847d67c27ae79ff7e18ade18,2025-10-16
Keller_Texas_76248,96e52c35886a4994736e58d8e05e22834f0b8b6c3b129d335aaab68e5c12e5d4,2025-10-16
Glendale_Arizona_85301,73c0ccc69accbbaa39ee5656a9a1665c7ab956af78e42874a5711f5473a8b1e7,2025-10-16
Clarksville_Tennessee_37042,41a1e6e6b23c43f58206247107f034ae92659745ffb6a72b155919ca398f1fb8,2025-10-16
Avondale_Arizona_85323,53eb8cc4e4cfb4acb8cab250c641cbafd73e3b674c02623dbec28792c0e053f4,2025-10-16
Delray Beach_Florida_33445,52acf5390d2d7a6b33f89d2d6c4b4e707a4e2a5ad26bd45ce86fb37e428a4633,2025-10-16
Miami_Florida_33180,293afd29924d30b792a43e01273377e80070a0e3821b9ee293f6ae0fda313027,2025-10-16
Monroe_North Carolina_28110,704b9eb50268916bd8f9f6d72b89f8e94a82d216a44b7307b1873f31c1376358,2025-10-16
San Francisco_California_94110,7ae2cd691182a0ebd17a3510868f37286cedcc8f4a7e2d5125c8ffe5b703b6bd,2025-10-16
Salinas_California_93905,1b11cadff01ddd2b974ddcb10d83f347d469237ee70b6d98acbac845fb53054a,2025-10-16
Hattiesburg_Mississippi_39401,e09f5d46d5ee8a01d63ca4d4cd04e70d6bef7e3f3aa1c93e170fc38222bb383a,2025-10-16
Draper_Utah_84020,4a5ffc556a00b9de5e43c9b1a5c3c15a50981edd5e72e29aa75b9dc711fa48c3,2025-10-16
Apple Valley_Minnesota_55124,fe427699d52b087f877147c995e9cd05d38f320491af570568a8b6cc15bfae44,2025-10-16
Chapel Hill_North Carolina_27514,e45faba8b6e531767540ecb9302237fe4d5b8040c33f8b36d05e11eb3541b0b3,2025-10-16
Encinitas_California_92024,06fd3d3969a2e26928ebb283c8cdd1e68822b434b1b916c9bd01f4687ab35413,2025-10-16
Lebanon_Tennessee_37087,5daf139a797324822bd9eb75ae05eb2688ea6e270201d83ee06307adfd540ea1,2025-10-16
Westland_Michigan_48185,07b8faf9ddc28784d054fbd8e3d62d78c922fa90ab95f042bd6a22c692332505,2025-10-16
New Albany_Indiana_47150,9086787fb888b5746f49bef8ee4c0c47cc494035d087b5e23f77171845c59e4a,2025-10-16
Park Ridge_Illinois_60068,9e45b79d01240f2e21244401c9a62273ddc3b6ced687a39f75c3bd13d9239c64,2025-10-16
Leominster_Massachusetts_1453,6b32e3720480a3eb77e20eac0f30118b66cd00c963cb528233c1907dbd7c00b2,2025-10-16
Sterling Heights_Michigan_48310,94bced4d5a8596bb68b30d3bc2f8dd3cf9e56387b511c063ede8bb669591e081,2025-10-16
Overland Park_Kansas_66212,ed02b62ee469652cf25e71635772e592f286a0a536120bc59657f2ae85d3dd5f,2025-10-16
Texarkana_Arkansas_71854,d6f512455521db9d443d648b631e82f704b4432fef25c90aab24b39621be90af,2025-10-16
Redlands_California_92374,7eb499fff9aabaca35a0e66d416377c35a04adedeaaa7bfb8b4e3066032b1fa5,2025-10-16
Denver_Colorado_80219,a1e007835c2b1e625b5348d0518e965ca0ee95a8bc04922af18af977c0e4df3d,2025-10-16
Ormond Beach_Florida_32174,cdca742eb6e718ec180a83c01e09bba931b7e8f438a9241fd1fa6d501ae3033c,2025-10-16
Rome_New York_13440,bb2027081b557927659d9af94273b34a67af3dbf56f6144b6464823abbbce599,2025-10-16
Pembroke Pines_Florida_33024,14f687d7422d3e6afe5b50865882fe57a29e7acb6e94b4aeef5beb333c46c9a1,2025-10-16
Gladstone_Missouri_64118,e40f1fcb3c902686f09f48a27745786a225abbc6b5029d20965a34de66c388a0,2025-10-16
Milwaukee_Wisconsin_53209,0a22efbb9a420f30069977f658ecd1ab47d0dd24dde78a6be2585620751ff7ad,2025-10-16
Omaha_Nebraska_68104,82d3415868a4aa382bb68d730c0eb2f7794e98669c4cdb7030d8f77403b788f9,2025-10-16
Smyrna_Georgia_30080,b421381de28920a02d42a136887b38dde15fc9ce9a06be9847cb3261a387e013,2025-10-16
Albuquerque_New Mexico_87105,3d0305a2d33ef32c5e546f57c1c3b06d11a164bab35afbe3ebe75a07412cff70,2025-10-16
Arlington Heights_Illinois_60004,b8e3a857b31b283518b54966fee116e8f4b02a558da7b7c089a579ee9c27f68e,2025-10-16
San Jose_California_95123,8feb0dafd7cb13d9038a7c5dc303e1763ffa13fcbe23995bae7dc6f1dfe7bdee,2025-10-16
Costa Mesa_California_92627,64eae5671429245c034c9d7edaa7e4f5c3fcd02a2dbbbe858ca2d9603197678b,2025-10-16
Richmond_Virginia_23223,111fb2adbcc987b4b904d0f08779949451f3ea1fb8aa1838438396439ac28a20,2025-10-16
Riverside_California_92503,d07979ab67d514106bd939366ea96668f583500de6af7b57d14cee408b9966ee,2025-10-16
Tigard_Oregon_97224,4e1d0b977d57ac5ff0737c351fafd4cedcddbdcd729b9816767997a23fd8d5dc,2025-10-16
Lake Charles_Louisiana_70601,e0c49761c42524a5fcae1f3b2ca04f6c89720629f44040d6f92208793f77fe10,2025-10-16
Dubuque_Iowa_52001,6a50f06e04bef0d0df80184c8ed68b25b7672487b55b8e816d6063d794a4aa3b,2025-10-16
Atlantic City_New Jersey_8401,50c221f17816b431ce2a8d83549fe781b9d33078c0286e7c128d30875b5f5ade,2025-10-16
Burlington_North Carolina_27217,ba9cf2fb767a689bfbb0dd319563a829ee08158665a4f30945a6cb3c1b425b78,2025-10-16
Torrance_California_90503,f5c463f61bd6ff3cdbb96f8fda2ae8392c76e342c9b74fb044c7816380a0e9e2,2025-10-16
Oakland_California_94601,c2f67a956367af64db216ada851aa06f179e32f0b65c7868e681c293a23de9f1,2025-10-16
Olathe_Kansas_66062,bbda922212edbe6d897fec307f3959c766a1e2930876c75070583ff751c0be56,2025-10-16
Conroe_Texas_77301,725d65f52979274ec7cd60ba75d46c429e71627a7100d9c34b02488a8f727bc8,2025-10-16
Yuma_Arizona_85364,8230942930ccf44231ae8cb95a2cd509ff45353d659e66ec8373b15fe2d4e455,2025-10-16
Salt Lake City_Utah_84106,bba86191e41fadc9681a716f3620804820c48a81a305b3240a8294875ee49c45,2025-10-16
Eugene_Oregon_97405,09ebd1fe8a67123e100690e035ca5365b22073fe4242c17dfa248cc07d33d008,2025-10-16
Burlington_Iowa_52601,2db1d8b196b8b5c75f867462ad2f68e90f240e22e2af77110bdbc3626e9635c8,2025-10-16
San Bernardino_California_92404,36a6c91ade748c84795e59eec82967f2ed98929dd219b1f85ffe3602013b77ec,2025-10-16
Sparks_Nevada_89431,382c2b4663a1d6fa09005c62adab17fe8be1b20c2369c46842918f86052eac06,2025-10-16
Grand Rapids_Michigan_49505,4dcc3b784384c89e51f70210ce04d345e8ad59ae12a8b22bb4796b3e8a8fd5a1,2025-10-16
Redwood City_California_94061,ed2065be41df5502d8e4e4a1748c949ac77dae2df229aea59d3bb4fbf1da7ca6,2025-10-16
San Antonio_Texas_78207,dcb69fea2995029553410ad584390c929bef9ef08d9ad73f93aeaf143dc5a623,2025-10-16
Logan_Utah_84321,bb96c54f3c124da3a684c0fd7c3e614d90b02aa5cac4e5252c70c6376947f238,2025-10-16
Kenner_Louisiana_70065,842051c4545712265148ddc3c44f82c65fd2a7c955f19f9c51325d9d8d06cfa8,2025-10-16
Warwick_Rhode Island_2886,5b7ba829d0c66b7d6307c6d0960b057fecc453bb28b7b9cfde5bf161c0f08fea,2025-10-16
San Diego_California_92105,820aa9f70726d5dacf7ebe34598250150b611a1e688620b29ab9ed2b2277db5f,2025-10-16
Bellevue_Washington_98006,76bd7e33bddf2eb4f41c920dacd38e0a73406fca83421867cf049b2f3d6d33da,2025-10-16
Jamestown_New York_14701,e4e6080ffea7c9455b34192585c4ff9ee51ffbda9b64fd1e9957b2a780bfd6ab,2025-10-16
Redding_California_96003,97f7a95a4b1b0ed68cb7cd55117ea8018dec31a9e413bb3af61bb3ad13d4f9c9,2025-10-16
Westfield_New Jersey_7090,dc27de9af7e921e2acbc1e757f956cb0363a39aa8af3ed2398040e40e8c2355b,2025-10-16
Fairfield_California_94533,46b68a352065a1968684d38979bdd7aaa663e73197d79b08557a00d3f3c29539,2025-10-16
Thornton_Colorado_80229,a333f9ecab5f84fec7dc8da0ce94edf8514bf18afd90f0ac050bd5e95753ae07,2025-10-16
Carlsbad_New Mexico_88220,f7b351a6155e2468eaafcdd6e1e6524f47ea2abaaeb0011bf208b8e075d7d6ec,2025-10-16
Monroe_Louisiana_71203,ba6daebee85eb34f1c8b4620954db7d344155fbb5567a2c7a0e22f65e37611a3,2025-10-16
Evanston_Illinois_60201,5a5b62e451d187b86e1ff6fa70fbed2d71a4d6c6742d1beb96eb3acca9318ca4,2025-10-16
Pueblo_Colorado_81001,a7cb2efda2bfd3255b3e941cba8f8a6fad654cb0ab685dd9ad0521dda47afdb3,2025-10-16
Kent_Ohio_44240,5f4b4b70c134fad28a07dd37e66e432668c7581b55c1c81657e7c0e5620869e3,2025-10-16
Eau Claire_Wisconsin_54703,274a6503a1c97507f2f3a5bb5dac8be379d34b7259b18cb8c6d9d9c51e9d758e,2025-10-16
Bristol_Connecticut_6010,2310655442512076704accc38474d7875372c2cd82a5ca0c65fe0bb2910d8842,2025-10-16
Columbia_Missouri_65203,ca69149f706ef51922dd96f1a390270e9fde293a72c50d3e662458fd07710b72,2025-10-16
Murray_Utah_84107,7e03e8f4e05e9521a0bdc1519d0b0a5020de052d6272244e1e5a6a9d49c3a942,2025-10-16
Temecula_California_92592,5706fda502b778de9af16b23f2444a05a1e34ea7beb8d4d6f49dd242fe90e6eb,2025-10-16
Laurel_Maryland_20707,e7b7b971cf4d11d32f4883069a25708306fa33bb4cb9a41e87887517f25f90f1,2025-10-16
Medina_Ohio_44256,a05d83e744feaa4b96d283d12d4a573668a04d04542c2676e46d45ad63a31896,2025-10-16
Layton_Utah_84041,ef62bd59c03bdbadab0e4f41ba1e0a0dc5b6121fc795ecbd868078a766ff7246,2025-10-16
Reading_Pennsylvania_19601,131bb4723fc65cda87331d56130826890cf2cfea429c0a09c7a090062f7d9179,2025-10-16
Saint Cloud_Minnesota_56301,c9e6a3bb67ff788d6e957108bc727343a177667c4d17d0a5d11cc884374d67b7,2025-10-16
New York City_New York_10024,d7c4bb35a7085c7fe32541da7092b4816fafbf945d3411aca23d5912bac8d53a,2025-10-16
Cedar Rapids_Iowa_52402,60bb6de9b038e235387bcf29224d9234299726888e18d90c59121199116e711e,2025-10-16
Port Orange_Florida_32127,d65924a2a1ef929912524fe8667a98099347b15cd3433653c95a6461dd019ece,2025-10-16
Hendersonville_Tennessee_37075,837df058caab37f656de5829e2dc55258efb88e4bb9f449c85db7277074ae739,2025-10-16
Normal_Illinois_61761,7b555cdc05ef93715d2447ccf4384be9e99067caa532628cd3de3f8c1a363a18,2025-10-16
Columbus_Indiana_47201,61557444a13617f0d086cf3e50b7cb847e94e2fbf7351b6ca61c7d7034215600,2025-10-16
Provo_Utah_84604,79f58bc1bc124047c77d09380c86948db878ced1a31758b299a37892723ea82a,2025-10-16
Santa Maria_California_93454,b0d18273c1d7d6d3f31488647e38b87d34046dbfb0fa420032b6af138c17f6c8,2025-10-16
Coral Springs_Florida_33065,5670df7ef24fb23e0ea65eaea5c03830818159ea5704cab0b75ff7fd35ce9ee4,2025-10-16
Bakersfield_California_93309,8d5c29cb2f4afbb78251600a0ac3c9ccda675fca1d3dc64c2516ba73eca26242,2025-10-16
Cambridge_Massachusetts_2138,153933f721fac60fe16c67a40735aadffcc79d0e1b33cf62d38fc5b961023a18,2025-10-16
Romeoville_Illinois_60441,667726a46b92fa5593a60862e653efbfc4d661056b6d86dc5e107225e7195fbf,2025-10-16
Minneapolis_Minnesota_55407,34400c459061c1cc9ad542903e2416f8cd306c8f19b78dc574fca6c2b7e670de,2025-10-16
Tyler_Texas_75701,788d2f99f11f65f36583efbe0ab2f61826470339cc9e0b5501b4922553834035,2025-10-16
Boca Raton_Florida_33433,da3032c5ffdfd8e8d20290f5a5695f5ebbb89b409cd48d6e70d9e49044ce1844,2025-10-16
Woodland_California_95695,7f87c5cd158b64fe1fd658956b2e5d9455e2ac4345eaa1651a57ef2ca4ebaa4e,2025-10-16
Cranston_Rhode Island_2920,331a888fb99447d83f9d7b32ba51ae471b69be326b166ac97500205ea3a09eb8,2025-10-16
Fargo_North Dakota_58103,59e759a43f33b99e12aafcf41d57b3ace744ed53615ab742383fac47a0097ae6,2025-10-16
Lawton_Oklahoma_73505,35dbaf68485803d5d8067799af3738fe1cfb43fb732cdf422b6b3f52fa8f4c74,2025-10-16
Franklin_Massachusetts_2038,94d825a33b6c54b51e02ae6aecf9136104236f0129f1167a1b84dc6dffca6e4e,2025-10-16
Broomfield_Colorado_80020,8618d86983dcd52023eef77e61290a45ec8d0631b8a46b88fba1c40fc1105b05,2025-10-16
Bethlehem_Pennsylvania_18018,65b76d7f07619bd2392850ed747a911940fc632d968afcf5ad34050b65799f9a,2025-10-16
Fayetteville_Arkansas_72701,21872e8e856c66cd8dedbb395ed4538ac0c7ddfaf90008074ccf617bb6bc8ba0,2025-10-16
Fort Lauderdale_Florida_33311,d71e4f11171f721d56fa94dfc9a099cd87a4d6ae36e28a3f374f739196812b4a,2025-10-16
Lakewood_California_90712,db7dd4398a60b5823298157f06d9d9b4b466dbc73f4d23ac2f6a317c54b3b769,2025-10-16
Marietta_Georgia_30062,fd71a4ec1615f6159dfe0736d2ec09a434a4b349556aeed15ba1770313c7082f,2025-10-16
Helena_Montana_59601,e45fd126e3d15f13ce93c2117f3263cfdb24c3726fd209241c3a59519d38b885,2025-10-16
Detroit_Michigan_48227,f3c025e5a3471b74c9ea539e07f72f3dcfd9e723203b91a893f22fc928cfd3a6,2025-10-16
Bristol_Tennessee_37620,bffb4efc9fe89ec9345e0a4cc1ff0c0895fdfa70c22426f3a0d269f008b00f8e,2025-10-16
Long Beach_New York_11561,f2d0dd648894bf8b260907394b41eaf191571b4cd05d5a261c48068a5d875383,2025-10-16
Florence_Alabama_35630,cbd694a34731b6a8228c4ca4382b8b5e9af72e79caa72ea31827267f25bcf1dc,2025-10-16
Texas City_Texas_77590,84b047d0af4dd6cd78129762a935a607220bf3bd1b88d67950efe212c3971457,2025-10-16
Yonkers_New York_10701,990f03e45e49a759dc5fe359de13440b89d815321a27d643a77f1f184645c427,2025-10-16
Midland_Michigan_48640,5131d8583595df4c95d9b91c19564efa697bfbebb2ec04c28017aad2094130ce,2025-10-16
Holyoke_Massachusetts_1040,733f5ad01c45f833f828a396e904052d75963df797253d9f29da44077a51da52,2025-10-16
Louisville_Kentucky_40214,af44ceff4e331f3b49c8a96123765d24c7847d47b456a1468d0c953b7c0584ad,2025-10-16
Watertown_New York_13601,b4beb3d123555502a4d1588f93eb9aab3f200a07bec71a5bf62f0ce0df660029,2025-10-16
Lancaster_Ohio_43130,f637ca42cb0421add628f6883ab1dacc0a5f33f593027449a6ffc334b2b40f58,2025-10-16
Caldwell_Idaho_83605,a0189755940e0e26eb038b754eeda0acb481dc11560a7959da06d7c09d94f9cb,2025-10-16
Lowell_Massachusetts_1852,9e15766656d08c06e69bdaa824ddd16c720549abaae7784f915b746cc1e096df,2025-10-16
New York City_New York_10035,1f5727f805dd6e9bcbbcfd11f1708fe90412e0955f15ac60c558747d648c3873,2025-10-16
Columbus_Ohio_43229,4899f33e59a7917802c690a3fa3eea8b42633093b850bd73d340407a5af7e501,2025-10-16
Salem_Virginia_24153,415e24a142424ea6fb8bb628329ab04f7be6f1092efb0cba13625eb0d85c3a2a,2025-10-16
Littleton_Colorado_80122,7cb87ffdd27cc2db928238e8c14447b6119977ee23029ad080730ea8e03b657a,2025-10-16
Springfield_Ohio_45503,dd8d18377a239061200de551cc188c7957f91e9caab3e4d7ffefef4004713e4b,2025-10-16
Newark_Delaware_19711,89bb99da1869457a61e7abcaa8756f5641533bae7995d67bd071f4e52bab5a27,2025-10-16
Orange_New Jersey_7050,82424b4a6dce6319ffed3e8b511815193fda371acedff7562d83bf310fa8efbd,2025-10-16
Noblesville_Indiana_46060,6cf58cd150149688907e9c2a572c309a8d58061fdb7aa6a3116a0a4e46593e37,2025-10-16
Revere_Massachusetts_2151,a74ee9e0cdb65e32f87d6d582973cd505bf1c78c799eabc8c6c4b961e82ec4ec,2025-10-16
Coral Gables_Florida_33134,fa3c4dbd1a4bd28315d1358a16ec65276e807cf24cc64c243ba2a19d350c31f5,2025-10-16
Saint Petersburg_Florida_33710,18f0e5ada74074c9d0ede0923a79473b1fdc6fbfb2199a4d718ba280964caced,2025-10-16
Bossier City_Louisiana_71111,ea39295743252ff00e9a27d5358c25146580bea7efbd92033172a206a116e4b6,2025-10-16
Whittier_California_90604,ff8b4914d8e63e8efd6c75f79babd6ce3c543d61fe11a8b56e933938b8334462,2025-10-16
Manchester_Connecticut_6040,801c9ceca15fdf27a2aeb97e6df09db0db2ad9f82ab10edefcb97f809bc85041,2025-10-16
Miami_Florida_33142,10074fcb0c18125dab916305512a94139769e08e2a03f61fecdc13c0a8b57729,2025-10-16
Carrollton_Texas_75007,82e3922c2dde2de11b0500da9e5772c2a585535f8207aa1a06f3ebb93714278b,2025-10-16
Danbury_Connecticut_6810,334ea148e453de5c7a29b7c14008b216479b3c4e9e619c93f6b7b803dd57a9b4,2025-10-16
Rochester Hills_Michigan_48307,11e133c55dccfd972e073aa3f5b6b6c61c8491ade5cad106d58d7d613a7156f4,2025-10-16
Buffalo_New York_14215,71ea42e023e797fbd24f7b6395232b02bc41896cb3a0796401c5f9e7d0ab7eae,2025-10-16
Haltom City_Texas_76117,219223d95c675eb6017275525ba4fe421308d0315de0680aff8b1e3b61a92ac2,2025-10-16
Melbourne_Florida_32935,c1cf791acb74b44ef72935ed6580ae6805fc9dc27baf8f860c70dd29d313e57f,2025-10-16
Saginaw_Michigan_48601,b9ee43d5bd131893112513f162246a9608d2a384c0251d603182dc7981b629d0,2025-10-16
Spokane_Washington_99207,44baa11427ab07e560994567a7446571a357dd016a47a9f074ec23dba2dfaadc,2025-10-16
Los Angeles_California_90032,bcf6dc1aaf7df9e0f466bead2571b6dcdfe19bb31dfdb30051ffd069bef33a5d,2025-10-16
Columbia_South Carolina_29203,681802710f0b62ad2b850ce4438cc41f604fe14f8b489a8fe9e4efb127590dad,2025-10-16
Johnson City_Tennessee_37604,d6fd26ac7d389e5af939ebac859b2ec3facc854e6b2ad0f422d67ee3735ea09f,2025-10-16
Sacramento_California_95823,c03e34630d81ef76332039185977f450a57601063dc5535a0268fafe5d330dfd,2025-10-16
Manhattan_Kansas_66502,cecc12111b6d533ac4de425a1801018cd42e1e0ca45d38fefe6d80ee8b8f4f7f,2025-10-16
Oxnard_California_93030,e4e9d9f04ef983c1470c9691500ef073c31531b42e705ef717204260c116ee7d,2025-10-16
Memphis_Tennessee_38109,a22d68bb081c66fe9f7a19c7cf9b3c4a8ea8f4520ccda7ed7c0a1807dc0b8eed,2025-10-16
Decatur_Alabama_35601,f97415d3c329f8a776f656833d6747868c5b2cb3c863c8dd9ff5bcc9fa5ee1d1,2025-10-16
Jonesboro_Arkansas_72401,9ffe3e8fbc885500bd232826d854c4e8f2050e70c67b184b6792a15780e26402,2025-10-16
Southaven_Mississippi_38671,a1a8acbd2c3a2ad45708a6778151dcdd7e7c599df76d4bee78d5f7b9cb7f9393,2025-10-16
Odessa_Texas_79762,f52d3b1b43082c9c6789319174904a624c308d0dc5588fa45394fdfe589ee231,2025-10-16
San Francisco_California_94109,de747dcc916aa8b2e8c0a85ee8446f0bf2f5956d8962d8e4302b3d5865ec432e,2025-10-16
Houston_Texas_77041,8730555cfe835b0150d851595130f9a18c08fe01dbd98b0d4154e6be601cb026,2025-10-16
Lorain_Ohio_44052,4d10cca47eafb5ac8128002ef102019b0fe8e77bf8b9c228c58faa8c3c11bc35,2025-10-16
Reno_Nevada_89502,420419b2adde2c56cb308baad2c52814e1b927f7df3b7c859512e7e3d83fb4fa,2025-10-16
Peoria_Arizona_85345,7c7a1e2f7d6f1fff7fb9322c51a353b742ebca190b269d65a39c396bcd6a9ef7,2025-10-16
Lakewood_Ohio_44107,d094d923be079d3e5fd0800af9b6de7848f4bf8a4a4ae0a31ebe6a8040005402,2025-10-16
Tinley Park_Illinois_60477,4f26ba71af8f2d71232ca9d869fa2c218886ed7e711ed9574cc7417105d495b7,2025-10-16
Kissimmee_Florida_34741,aca0f4be02da20bfc640b40957c4598e7566f6815e063a044da26857ba4a9029,2025-10-16
Coachella_California_92236,ee0fad69dc3ad5b0beedbc2e0a8b2ece9463c5a19f3f44bc99d5e7ebee021279,2025-10-16
Greenwood_Indiana_46142,44f2a4bb85be2fd3053a24286efb1e45724f08041b6b98ac9fd0c5acd08d2eb9,2025-10-16
Chico_California_95928,c1715b04054cdc7e8f18f649013d8dab67ad1294809cded7b1474ce4d2b6081e,2025-10-16
Rapid City_South Dakota_57701,cd982c7539a5694d84906a3b65595e8d0168bcbfc289a7dbead597c45d16747f,2025-10-16
Chicago_Illinois_60610,ba0226198cb16e22d1abf3fd9fcee42f5ece33d1f638a1aabffa87d172829471,2025-10-16
Linden_New Jersey_7036,097712b0b355dae5277ad3aa527539c8b7f22e5b0216460c031fa31c008cbe23,2025-10-16
Ontario_California_91761,cd0d816a3e3ee101e7a8869abaeceb2d0cd4ba144e638f9041d3dd58d3b37be5,2025-10-16
Woodbury_Minnesota_55125,fcf6526b916d8073077e1e7378899c4e1a75dd3cf95dc00c957925b90acda823,2025-10-16
Chicago_Illinois_60653,b4f7b370e14363390301c7fa3dbb7a3794eb1239de570830dc7658f6b649d630,2025-10-16
Louisville_Colorado_80027,6f14f9d7392f384741f0e3b632cacbd2f770ec72fdfb85ab27509974ae6cbc9f,2025-10-16
Pleasant Grove_Utah_84062,5bb0dce58bf1e7e6e5c45ef78b9f97b57852326dd7dbb26265614d44181d0712,2025-10-16
Meriden_Connecticut_6450,f60eab3e546c7d8f57e57792b145f44714408a931a8fef4c4f71b369b98f6026,2025-10-16
Covington_Washington_98042,75efb53fe3657b21b2f78bb21a8644154569e71740935dcf65add0949b2e2adc,2025-10-16
Lawrence_Massachusetts_1841,6708afd88c49f6f41c3fada0d976d53c9246048b2e9701a1699433cddd6fa483,2025-10-16
Des Moines_Iowa_50315,2049aa6ff71e8816d99680c8b2458f8b1802638a3ac9ae64e852040b09017de0,2025-10-16
Virginia Beach_Virginia_23464,7669e57e19f9abe8f7cf7ef1d3d39f5a045dd550883f31b337bd3631c19310b3,2025-10-16
Des Moines_Washington_98198,e702bcd27a4b43cc0868dc08074e1c8c9be9ab1a4bd0731cc3a46e241b06dfa9,2025-10-16
Saint Peters_Missouri_63376,229a95c1b2445d176db3d62e3f24e69497457df43e07af9ac5a33b36af0b1279,2025-10-16
Cuyahoga Falls_Ohio_44221,840460c6416dedaec556e338cb5b30f5d5e96c8a6d022411153e33ae5692ef31,2025-10-16
Malden_Massachusetts_2148,7c90d8dba1b3ca46deee21fd5d43af8478d3d068609fcae8b0e381549ad846a3,2025-10-16
Glenview_Illinois_60025,b3fb9240395a6540f4977cd66e440ba1df3387239c3db9127d308fe4557d11ce,2025-10-16
Los Angeles_California_90045,71588308ac27d1ff448d4998fd86af5341c6393ebad9f878d549e20965731deb,2025-10-16
Roseville_Michigan_48066,e3b46c1cb62ad52083afc0c0f5d7031876e2b886b04e49216207d878ae412fa3,2025-10-16
San Luis Obispo_California_93405,324400d8a7314a4e4c5248a4fd9430a8aee0b86c10cf248ca55041a3db945513,2025-10-16
Citrus Heights_California_95610,216381ec7883c2581546194411dbbdd7318777d6b2c935c8517097eda8e31d22,2025-10-16
New York City_New York_10009,4cc0fc2c38ba36c3939cd2d3c6310da3691b1c21688e18b0a3e2e19c2fe20f7b,2025-10-16
Decatur_Illinois_62521,84c23baf77a3741c8595bd1bc72bcd529791b7e10f5e68b0e318737ec843ea5b,2025-10-16
Highland Park_Illinois_60035,d114ee230a46cba83b1c38e76ed0d2d169025f7833d5f2788986f27fcba0b276,2025-10-16
Apple Valley_California_92307,ee5efd38dbbc610f0d0c173fd09cca3c508c69cc0d30dd9456b7386b43eda47c,2025-10-16
Durham_North Carolina_27707,aa84f2a0dc253f1738825aac2a5d35e41fc52e7981d3605f2594590e4b38f0bf,2025-10-16
Portland_Oregon_97206,d9318198b4aecc3cc1e32baf1d88bfe5984a7bf087619f2b0c68a610976bbc78,2025-10-16
Passaic_New Jersey_7055,36d7ad1a1d90b30425aeba35e0280de83255a58146e38ae81cd34b9f122402b0,2025-10-16
Henderson_Kentucky_42420,b1a133b16cd50146a590d6b703a267e6b386879fe5d5816ab37e92986f476f9d,2025-10-16
Santa Ana_California_92704,d5b7621a0877596908b8b174c76daaaec5ec16054040e8a750fcfd4018e77803,2025-10-16
Baytown_Texas_77520,972f57c47921536526bee630368118c40b1c317da043132b3e05cc50c6ee639e,2025-10-16
Kirkwood_Missouri_63122,f360f352705696ec6fea05c6dc4ef347446a0e7e194348c5256cf8ab9a5b982f,2025-10-16
Independence_Missouri_64055,568a90a8c1f42ee4dfe0fb69ba4b214bae86b10f5a5764293a6daaf02dbbe1c2,2025-10-16
Arvada_Colorado_80004,3066c688b2f539f9de8a56e03a2df32186705f6d1a499f07395712fd85a2c678,2025-10-16
Quincy_Illinois_62301,9ead0b4763ff5fec0b12fa52fc7ae59a1208e7e99d5b6ce9985c23e56a8ad427,2025-10-16
Dover_New Hampshire_3820,abb47c30cd0b696e8380e444f2a0b7b48fbe01d3b003107158ba80af66504d13,2025-10-16
Hempstead_New York_11550,90da3ae349e63113d9e95155f990243bfecbc8041b85d9c756d7a1a225f2a022,2025-10-16
Hackensack_New Jersey_7601,fad3ba79ecb4045eb80f956db1391c3302a15791d47a87f35437b8d511d2de05,2025-10-16
Lindenhurst_New York_11757,085908df0d0bb39a4fed5b5e8b74858df9181b8baa1b8ecca2e8567883644d56,2025-10-16
Lancaster_Pennsylvania_17602,d53a1996de70b7dc41232406f32c9993129f66053002a4c5bce64fc535a95a73,2025-10-16
Thomasville_North Carolina_27360,8d805e6d28fe8498afb257c0855eee3d2a76e4d05f71064e6016b0aa0fe79a85,2025-10-16
Apopka_Florida_32712,40883147193fa55d7c13dac25c7683b7882dbe27e0b7682f7d0b07958e0187c8,2025-10-16
Goldsboro_North Carolina_27534,e5c8f5673f47d1db3b6eb835de31809059ed79ebebd64bc5d3caf08db2a8bdf6,2025-10-16
Harlingen_Texas_78550,74bf10fb8aa8e9063f30405b538661c255ffdbf1ce6c6fdfbb3b301dd25d582e,2025-10-16
Fresno_California_93727,7cd1d70b8c0695bbf7b9bfbd69363287d2f914ffc2123588bdf9b0fbe3ebc87c,2025-10-16
Parma_Ohio_44134,29403326121313c04749f80150493edbb11fa82c6c07a0c6a0522d907c41748c,2025-10-16
Fayetteville_North Carolina_28314,f82f273ace414ccbae5e0f833a374149480b08841d0979df837ab48e50151038,2025-10-16
Utica_New York_13501,33ca6174c723e60e6d710e13f3aa3954833fdbc6f32cbbd8cc21d9870c183318,2025-10-16
East Point_Georgia_30344,276b9882f509018fb1f49d0dd9f7eb9d71dd3dcec6ff383d24b04a39a87a799e,2025-10-16
Lodi_California_95240,39ec4bae4fcc48bf1ead2670f0d087546d6bf7d12fc6e6d720ad205f6c56b297,2025-10-16
Kenosha_Wisconsin_53142,947a2e08a6f291ca93a8adabf261e22200ee11e7ae5a6419379bb2774fe3cce4,2025-10-16
Auburn_Alabama_36830,efd00e90c240de1c2b7bff166def29055ee252bdc238224dac486b85d0faf6c8,2025-10-16
Waco_Texas_76706,7674ffd627430aefcd5a475d6a403f0beda4372701ad9fc19117a63c7d22a552,2025-10-16
Brentwood_California_94513,1c203f4f39aa13df1597dee01f6d8fbc99b8eb1014a6431d5fe9ffd2d480253a,2025-10-16
Montgomery_Alabama_36116,3cfe81b8c8f10acd320a95c0ccbaadaa8274fd2d02043016f3db79bbd650cc00,2025-10-16
Toledo_Ohio_43615,0f77a7aa991cc60ae288ccf0fc9d0f0ee8795bb659d600c139cc399446934fce,2025-10-16
West Allis_Wisconsin_53214,6e503306cd54e209d5413146555fdb23961956db9dc34a1c6dc6c9f454df19a6,2025-10-16
Des Plaines_Illinois_60016,fea2d8efb45f8de42972a3d212b04799d9fd904cbcf04e80e7e260eac9e8ef5b,2025-10-16
Longview_Washington_98632,7a365e4753095f7445c6b6dfa153373b071302cf6a094e492bd241a2ed618e2d,2025-10-16
Camarillo_California_93010,58752f9f625676475af3247e2fb5808d6836501b28571150aad4850956e4796f,2025-10-16
Pico Rivera_California_90660,f317257fc8cf9efa54d8a9cf5916cc005978f34d0005da41c18c33e4c6380596,2025-10-16
Henderson_Nevada_89015,ffe708b0784a52104bcb5d9ea9ae22a0d7f6142544b7d0b09883d4265406b15d,2025-10-16
Greeley_Colorado_80634,fc8949ef35a259208b01f5211cb5be7bfeb55d72d0f3c47e4ff915d5cc9126ff,2025-10-16
Escondido_California_92025,6ef6e670f51d9af0949b383053966d69542ddf747d3c01b35ce696a2ee2e74d9,2025-10-16
Vacaville_California_95687,5758f23a1bc52c2eb42507ff3f64821ea20bf1b284e422312886b191bab67c88,2025-10-16
Port Arthur_Texas_77642,496898fcf31683c5f1574d77782a62f432525d00589e18a07c16f8c342d7afb8,2025-10-16
Orem_Utah_84057,45853e9e4dd5b6a946628b77e5dbd458bb187d77de1db841ffda8fd1976bcf21,2025-10-16
Jackson_Michigan_49201,56b3f85bde68260a31ada71042882fc1b2b7489195a5e6ab57008a5cd4ba3eac,2025-10-16
Charlotte_North Carolina_28205,c2ed68e7fde0d3cc5a7897c03e9526df7e218f31aa05b6d4977c26a0ab259216,2025-10-16
Pomona_California_91767,d7c7ca8ecd03905dd13c943c68c81b41465d1be27b96e63ec3784725ddd87a39,2025-10-16
Richardson_Texas_75080,d80c6ff79e6c05bed5c1ad5eaeedb80f561d7852cad4b8ebd4ccbc7511714d31,2025-10-16
Tamarac_Florida_33319,bc77a610b015ece5cca5a09f7dc0b66bb7ec6987915bdd75090b6fe6751cbfd8,2025-10-16
Florence_Kentucky_41042,316287a4fc76449db0e426ce253c93e9f329605541629aa09770078c15d86879,2025-10-16
Saint Louis_Missouri_63116,5cb4921e6e3ada6fb40e936a4482cd0487b228c6b595e6bcaea17dd112acdaa9,2025-10-16
Fort Collins_Colorado_80525,a8f77fe3b39052b2f85385d91ffe570b8cd62af0ee03d9d4925dbf82c55eb9d6,2025-10-16
Hot Springs_Arkansas_71901,611dc0b247d1c9618454d2258745b0367acd3e0a1c4ec9a0ab2657d99119297f,2025-10-16
Lubbock_Texas_79424,1af668747a7c65fef7f722cbdd0501f4a5e929e0b44afa82f9aea99c28b06c43,2025-10-16
Bolingbrook_Illinois_60440,3a4845b758b7aab2408155d95d4f4f8cc1cca1c2672747ca53296f9568e2f075,2025-10-16
North Las Vegas_Nevada_89031,f3bb97d5fe30bdb78a7f85bf0048642f7e126ec17527565889d26f43beab9faf,2025-10-16
San Diego_California_92037,62d8df3b6593ca2ba478ac908c4e7a1e6eec71440a4f4b21f4f94b77226ba85e,2025-10-16
Mesa_Arizona_85204,2fa06ab68aee12211d9f32f2c935083a531a97ee091e91fa9d6c137fb5918da5,2025-10-16
Richmond_Indiana_47374,c918b68ee4660df0b07e9c0ceac596a6e73e53d261586e74356d0bf680162d82,2025-10-16
Paterson_New Jersey_7501,31efe20a196071c83635e91bcb766da9ac21a12ebd59bd802bd668bdd7429bed,2025-10-16
Maple Grove_Minnesota_55369,1e90c603e15c662d9c653fb35e12fb6eb06ce834b00b9d0d2d5dd60a066b5fc2,2025-10-16
Palatine_Illinois_60067,b74ce7a8089e2dba5a3d7864b984b70da0bc9bdcc68dd8d7908dcfc3fc865835,2025-10-16
Lakeville_Minnesota_55044,162cc1397108e1393e488bf5366931faa120ef57bbd993aa2ff6e82d5a6d0658,2025-10-16
Pearland_Texas_77581,c28962bc87dfde96e10c8deabe1fa96675c64e69e6d7e710542aafe9ad51f060,2025-10-16
Springfield_Oregon_97477,137ba3ff0197c2731cbecc2d43d103a01187b01e023d4238c75fbfb2331dff92,2025-10-16
Moorhead_Minnesota_56560,bc04356bc0b813d5075f79145aa8648b88ccd49e6b3cf197b2e7ad19444d64b2,2025-10-16
Hickory_North Carolina_28601,7dfc9df696428afbaeff53e30fed234cbb0fafd55ba5cf187dc4b2c3989973f3,2025-10-16
Houston_Texas_77036,1d42262802ec9dac546348df324276c34008f873d063012c96903562ec9cd81d,2025-10-16
Santa Clara_California_95051,61dd5d2988856c3522c453b52467d56bcb34b8d70db1a935f63850da302bbf66,2025-10-16
Richmond_Kentucky_40475,f378a26b8eafa2cde0e280552df44d8745ffaca8f06f66cf883ac4fe529357ab,2025-10-16
Wheeling_West Virginia_26003,e7f39b0f7fb334219a41fde1fcdea1a71377fce10d70f4d16867a9081b48df62,2025-10-16
Tempe_Arizona_85281,4e42b0e43cb1411638613b70a4363f315a6547cf7c3c6edd1a845d9134880b5b,2025-10-16
Medford_Oregon_97504,84c8be9a9c743bc9b7e23d9d92a4f6d9e56c31705887a9122bac1a638060f300,2025-10-16
Bryan_Texas_77803,3979ee22c8be8db07ae97f5ee0f731c4bc80fdfc8a1515e4ecc16ee8e34ff221,2025-10-16
Woodstock_Illinois_60098,2e0fdc9e6f1a60bc7449d4ce4f81bb64035bd270778d1f7fedbcef876ff9cbcb,2025-10-16
Orlando_Florida_32839,04923a62523d19b2f080c4b94b5014894f56ff045301e29d87f0fb004a5afa9f,2025-10-16
Cedar Hill_Texas_75104,a808563eb0ccf2fd7aad886f90f94ec15435a5099acd009990b37462aa5114df,2025-10-16
Conway_Arkansas_72032,7ba8d98b5f81a2a9d73819dbdbb1fc52bc31220bb366c012eed8017124b55102,2025-10-16
Pine Bluff_Arkansas_71603,22d914bf9b61c037bb78dac60f4b5625600aace6cb5db3c5c7628acb2cf9b089,2025-10-16
Columbus_Georgia_31907,ca0abe1ae3b4b782e98f79613f2195df7804c379a76030829d47bae886359d14,2025-10-16
Los Angeles_California_90008,712850703add26ac9fe2eb3b22325ca629cdff7cb2ef412b65a8b8d053da9c58,2025-10-16
Dallas_Texas_75081,276689959f39049c543bb4b7d58e6b1e36de9dcd324e8347f2e20bdb88dbeb90,2025-10-16
Waynesboro_Virginia_22980,e214ec0ee9d4035f761aa0e34bd7d32e4bdef0e7671c46375a6c9a151807f28f,2025-10-16
Jefferson City_Missouri_65109,ad418b9b453dd03ec91506b48d54936eeb3eeffe4421e27812452446f3c9e530,2025-10-16
Gresham_Oregon_97030,3684ce8c14f2494ad414ba8a4e3129ffed61df5fb4e62752f4aac7e58f556d6f,2025-10-16
Mesquite_Texas_75150,1eb7aa03c834a6446336dd191e3c850f2d920ddb61fa495f2bb16f883b376e8a,2025-10-16
Wausau_Wisconsin_54401,19920b62c70955d10a597ef72d97f8705345752fe43ea88685feb0c9c8822182,2025-10-16
Twin Falls_Idaho_83301,b0c705f0febab7e612489d9f3dc2c4408a7f1cad30f681f4932ea241d28eaa26,2025-10-16
Coon Rapids_Minnesota_55433,633102d43e8927ea41641be0a20f067e0cbef7b409058d4ab49a5759994d7f1e,2025-10-16
San Clemente_California_92672,d8f6284dd2de3aee7a08c9bff4b2079d436133e5c7a4d2e35219d371d62e1deb,2025-10-16
Murfreesboro_Tennessee_37130,b5cadce2624060f32fe16c72a22cd646b0558f1080a2810bd6ad2de11b066525,2025-10-16
Jacksonville_Florida_32216,d1aaf85bec34d891ab12bf4f8432b460ffdcc552cc6f970c596361e657a083d0,2025-10-16
Woonsocket_Rhode Island_2895,a4bd90581bd87c3749108b971438c26c7affd1ab7989085f2aa4421df96b85e0,2025-10-16
Sheboygan_Wisconsin_53081,9a1a6ad64b402e7b7fa184d03c87408759afdd92702668b1e6ef07ce73387d22,2025-10-16
Great Falls_Montana_59405,27a768bde0f49a722e62bc1d2e78283ddcddea66ce18be7c85cd2e568aaea663,2025-10-16
Asheville_North Carolina_28806,266219186033afbe6fd3f291995f0ec3533210dcc545c367b87e6cc45e72676d,2025-10-16
Mishawaka_Indiana_46544,cd662bed6171a72171c1c4375e20a387851fddf1f01954a60015d842da20cadc,2025-10-16
Hillsboro_Oregon_97123,9152900461189243d84f0d38c0a658dcea542c3ec5e151ac71c5347ce21222aa,2025-10-16
Hamilton_Ohio_45011,40682525358d08403c0b4e763e040583ea3b94a2d643ab9fb9e36b4aaf767338,2025-10-16
Stockton_California_95207,09de06595de60e0228e65d440ceee64847b072ff2a8587bcec0490ab621018a7,2025-10-16
Portage_Indiana_46368,3e0a683c143a4e165c68a7a31f13f6591f148b6869b417328ad671aca10b5e83,2025-10-16
Sanford_Florida_32771,e047c310fa2143cfe1a0fd1befa3b25304e5c85d8a7241c39e2d992179f3b4ff,2025-10-16
Aurora_Colorado_80013,78fb21d2e3c2edac5bac70c332201e8aa3864d9a8ac02a32898716ad9f53cccd,2025-10-16
Vineland_New Jersey_8360,a1193271d632986d3ffe2d1892643f1e51261fc5274af49fe57d0f52fc325b6c,2025-10-16
Mount Pleasant_South Carolina_29464,01a0f136df98d456bbb58c5424751eeda6cd3ae93a743f760387af56d0bef42c,2025-10-16
Superior_Wisconsin_54880,38d6651062244ac4ab7ed9873c5bdf29d77a7f098051559e10a351426134873d,2025-10-16
Gastonia_North Carolina_28052,43f826d4c0a614c9cf4dec5d33ae1d8b8caf8bce9e51a41269b8baaa98191f75,2025-10-16
Dearborn Heights_Michigan_48127,a0e6c65104855773b52806ead2ea628f41ef316700f82c1641d43b8528472f14,2025-10-16
Pocatello_Idaho_83201,7e5fcd67247b7a349f2754a710365b55c9517eca0fee09edefc6c4ae9405dc06,2025-10-16
Commerce City_Colorado_80022,25fef159de74fd858dfc34708862598d8482347a9ae9ca4753584e028952af48,2025-10-16
Canton_Michigan_48187,a5bfe223552981a1a839d822494772a8764f0f29e12fb5920956819b4ceb0460,2025-10-16
Chattanooga_Tennessee_37421,fede3b6d049a1e6a2f8490e48971a9bf69b3d1da365dd96a793a2feeeb18ac18,2025-10-16
Hampton_Virginia_23666,9cec6341bc918a2bce6f76dc0a3bf27601731a28997a7e1af84398c90ba730ba,2025-10-16
Springfield_Virginia_22153,54ca354586ef8079d7f5d8b92824450a36958119e80383ecb569b94940c9ff89,2025-10-16
Columbia_Tennessee_38401,a4afc2b308372d7227a15d604d4abd676e804ea109746c129c777c769d4267a4,2025-10-16
Muskogee_Oklahoma_74403,0180d8f6b07e4d719587f2722759ab147c24fd758d93974d7d252149a97c4378,2025-10-16
Rock Hill_South Carolina_29730,94b252739c6f099821c2dfe5b466edcba45ce40d7a866cbb2b816059403252f5,2025-10-16
La Quinta_California_92253,7c064f9d0e933b06b77720f00aa7e0bb98c6f7753875b85c3f4bb8d8d5000d17,2025-10-16
Port Saint Lucie_Florida_34952,6dace67468f72f6ba9171b44f6805cb657a7b8f1c12b6b5b9366e154504e291d,2025-10-16
Lewiston_Idaho_83501,a7ed9cf3e2123353cf24096f6d87c2682b17c04aa5291c9a30993c96b537669e,2025-10-16
Hesperia_California_92345,6f38d41143a20f1f5905661117f954789b9391889c84f887524484ef4ed28275,2025-10-16
Lake Elsinore_California_92530,40e5e90506017602ff15317b259cf9c8e815368835e4a0bb9ebdc1d1f6f08a62,2025-10-16
Deltona_Florida_32725,de47f2c1f754cc72d15335bd03b5e648c86c2c5ea0b35fc74e20b4acc35451e8,2025-10-16
Redmond_Washington_98052,2ba93a70410744182891a0e79de0c935543ae065bd61f7e322c94aa3d202d476,2025-10-16
Holland_Michigan_49423,b0c096688c92c72999e16846dfb3329ab0dfe10763ffaa795c7fe723a7298dfb,2025-10-16
Sierra Vista_Arizona_85635,fe868c19874f19f10e43e9e0ce73ddbb703b82528e5dfcf3fee5659193f11959,2025-10-16
Trenton_Michigan_48183,add5006f5fa1013572f97c0b44e38f47767e70bdeb26bd3be7ee4957ce13808e,2025-10-16
Charlottesville_Virginia_22901,329f91d153783a8daf4169b5cb9c2c57ab0a886df447115d8a74f3689940978f,2025-10-16
La Crosse_Wisconsin_54601,7674e206c6b3ac261850354850fa56f02aa60096e6b6023a28464566cc658b76,2025-10-16
Santa Barbara_California_93101,d96329836ed668f33089c157d5eb7d4590b7bf631914cc3b9007ba3d0ed6b0fb,2025-10-16
Grand Prairie_Texas_75051,5c5bee6a1effea330ff43024f9335b557089d2b6e8c2b9085149ee083df42f22,2025-10-16
Oceanside_California_92054,752a7d19d4f15c5dfe6ad8e929f855d9f7bdb7ae0d3db22865e0ea38dbd5132c,2025-10-16
Chicago_Illinois_60623,c681d6d3afb5d182b398d31fadac9d528dc392e2f4f814525c7c4f8732529efd,2025-10-16
Plainfield_New Jersey_7060,10f4e7409f84d640c703558ab7a1d04b542f8ea9f2b928572782f5c769547aba,2025-10-16
Bangor_Maine_4401,4050f20b1f814ef55883227ccebceecb0b7cd234c547be21b771e96dbe67e4f1,2025-10-16
Bedford_Texas_76021,371c57ab1cedfe03ba50352640414d9e08aef0a416c8cd475a9c4e081bff8d99,2025-10-16
Saint Charles_Illinois_60174,8d03e89f6ec247170d8a2388d1a1436c0b3a8ec4db8e754e85c64e253f86d106,2025-10-16
Grove City_Ohio_43123,5e98d57a5ac221550c26473852a895eca2db11564c737df4703710d6d4417dff,2025-10-16
Allentown_Pennsylvania_18103,b8db7c4c071f1dcb9b386054dd5d755615b0051a8478667d95bb8e9719226cbf,2025-10-16
Appleton_Wisconsin_54915,81932eca5ed803389f495f0156221970acf981b3be47dca8d3d7134358f48c9d,2025-10-16
Lafayette_Louisiana_70506,eb32467ec959cd3516017dd1bbffdba1d533ea0919dac2b781196d0f93638b3d,2025-10-16
Miami_Florida_33178,25f91d26ff0de40a5d9f163b9edc17542e507a8e676f112533d616601732db5c,2025-10-16
Summerville_South Carolina_29483,3254fd48993e133ae5dc802933288dd4278898b0a7fe8811c7b2a2779deacefc,2025-10-16
Chandler_Arizona_85224,869f05aedfa5e9009e63a1942c01a09e88ba76f5e23acf3ffdb35b864bacd6df,2025-10-16
Garden City_Kansas_67846,37cba5c25675c08d40231cbeb858a8f13e728ca2f543d9681fa7b5e4bb2fdf7f,2025-10-16
Irving_Texas_75061,c311b97ba4eb425819ee496c2ea870d1c3ad575d8f8d675e538848d3d0d54195,2025-10-16
Manteca_California_95336,5c44d45e91669665718ea7ac5ee153ecb1becc94396b8870bbd911f033177a5c,2025-10-16
Elmhurst_Illinois_60126,2988671e056ab1eeba3aad6390271a71ab8f709a4fdbb5ce7f31fe4e872191e2,2025-10-16
Inglewood_California_90301,e002f226a2fab663ae148c4ae6b48bf285790fd1d62b1961649ef232314019e5,2025-10-16
Marysville_Washington_98270,0124800869ac237a58ba357b1f704464b03c9a7e2ad8c99ae4f3142c07e35981,2025-10-16
Boise_Idaho_83704,bea767d72adeb106ffb7642306aefdf4902e956ac0e9b0793864b7f55b3c116a,2025-10-16
Beverly_Massachusetts_1915,d10e33691dbe41c3a48a577023dae3d96cd345237e854aa350cb9b7385618b4a,2025-10-16
Aberdeen_South Dakota_57401,ff9f7b2e8c8a5628812d68155a65b87bcbe823b5f5aea991a7a13dda0d8e3ce1,2025-10-16
East Orange_New Jersey_7017,e71203b89296ed75ecec343901bd7975119a0d4f0e6105b1a8d263d8a119eca7,2025-10-16
West Jordan_Utah_84084,11612a34daf9262618c702a996cb3400bc6e08b1fcb17262effb5e20cdafc6ce,2025-10-16
Grapevine_Texas_76051,6764aad6ad0b043f6d5ec2bcf6078ad4229ce5e84200eef86b6dd30fcc87f855,2025-10-16
Roseville_Minnesota_55113,25267884c04f1c989b765e9d0d5d0d67bea96a9a05111cb1f81c7e543c5eaa8b,2025-10-16
Edmond_Oklahoma_73034,e2f918a03026700a0af1e80620705b103e2aae1aa11659fce5ac27c947387a51,2025-10-16
Mission Viejo_California_92691,8e35a35f493f6362939620deba46450be85edee8a0f6606cb4f57d6995cc58bd,2025-10-16
Rockville_Maryland_20852,ef95e9eb2ebe96f70fa6801477d8785131fb8eead4cac0bccd6443a0c2c214dd,2025-10-16
Cheyenne_Wyoming_82001,1a407389181456173bd9c9c5524d8967512af20a6541fad562c52e08d2e84c11,2025-10-16
Davis_California_95616,9c5efd3be551c7319b5ffcb9a7e4ddf19cc57c14f51ba0e90d685cadd9e6e289,2025-10-16
Houston_Texas_77095,9f7aad49bc4472edae7cad11ce9ffad440a9061384f2c1635a6e670025a13cf2,2025-10-16
New Rochelle_New York_10801,383b7cf36ba97ea1e1b1b91981f3c3dfed7b054c95b50a582e546bd1e227542e,2025-10-16
Bloomington_Indiana_47401,a5520f2302fb8b2040f2bd2097692716da8e0da1308c9bf1a4b454744d6eb97e,2025-10-16
Margate_Florida_33063,12a7c55d6bfa51c4ef3662113e9c2e32434e0d03b8382dc634d83d876409f8af,2025-10-16
Atlanta_Georgia_30318,49b7767e5d6175e67fd9ff1ba415ae27f21c88746ddfebec5d42a5252c4cda8c,2025-10-16
Abilene_Texas_79605,56e806d80809a7620c56702e45fb4e85d603a18493a3ae4c9481633c40d778c3,2025-10-16
Arlington_Texas_76017,6e846cf4f267aa5a26f5a34453b56583b1fc8443eaa716da947f87cb2d503951,2025-10-16
Aurora_Illinois_60505,fd5525bcea63e6aea6528850451fea1fbaa49d8aa898a4977202fd0516e471c3,2025-10-16
Oceanside_New York_11572,d6eb4a5056cf05fb7917d0a80676f1b33df9d97442e073dd1ff3a0529da3de33,2025-10-16
Harrisonburg_Virginia_22801,40ecbcbefcbd4c8beea0c567396cf475d8e23ad5e492e46773c38e5b72909d07,2025-10-16
Murray_Kentucky_42071,287356d5d337b502f7d9e9b1cfeb430b0d8272e79f978ca25ad0249c710383e4,2025-10-16
College Station_Texas_77840,07b064c650a8ab97d0d569737f338e61d0bf0b704f5bfeca660eb4c0c36c0766,2025-10-16
Long Beach_California_90805,69b4d6528d2d2c0675c2967ac0bbb410a9d3d2fb341ca28250faa465b96faa44,2025-10-16
Peoria_Illinois_61604,3273a3f36c5d738d72739df55eebc34196c20a8f9314bf997364ecfa320dc452,2025-10-16
Huntsville_Alabama_35810,07b048ce48636f44b42b91dab879e82714515fca9676ad28434ead83d2f1a6bc,2025-10-16
Hoover_Alabama_35244,ab9085fba49f560b128065c0955afa3765dd010bd00a6df03b99efb19cc41236,2025-10-16
League City_Texas_77573,2c52ef5e1b0365f9f8b09f9d5bc86af0d54a6e5884bb5a330fa304658888b38d,2025-10-16
San Angelo_Texas_76903,88eb647f4e5db8690acbfdb668faa771e7689f44560d4dceab4799340a2e09fa,2025-10-16
Parker_Colorado_80134,1640a4165aa10e8319105f44e03a1bc8bb7edd1fa29b5b07a1da9e57513685ad,2025-10-16
Farmington_New Mexico_87401,ddc9439dbbe0c4feba4b5b2b7baa99ccbf67d164c6c6a6d0dcc0b95ce73a0534,2025-10-16
Rancho Cucamonga_California_91730,692fe3520c7d9c7c4071273b21e07de64c79a0c6e31fdc404c7e75b91aa55936,2025-10-16
Baltimore_Maryland_21215,c95b41613dba8a15cc0921fcc11db449cbf0441c3ebf4926aa64071127984e01,2025-10-16
Little Rock_Arkansas_72209,d4c4f124138fa0dd2c23a37db97cf6ebefd9ccef9665c5c2fda1b623ca5d6c42,2025-10-16
Miramar_Florida_33023,e55a8241f420d76ba69989e5cb91f7d061b57c595c406be33628285d6f0ef741,2025-10-16
Bartlett_Tennessee_38134,339d858d8ebea58a480530aa121946e74a17c5e6a6b02ccd38718b8c54f518e2,2025-10-16
Anaheim_California_92804,8ffc2cba9a8f9d888469477b53739e434f43e894945778aad9f4990928ee1ee9,2025-10-16
Clinton_Maryland_20735,802c7945c40e6be1b6e39b6882306254cb87ffdfece78f7c17a5158c0ada89e1,2025-10-16
Renton_Washington_98059,d7569c21fe2d07921dcd054563aaa69ea737fa220f24fc7925f18a7d70e906b4,2025-10-16
Nashville_Tennessee_37211,f90f1922436b1a6ef613b65658a50a1ac06dcc065929f297d9cc92219e439dea,2025-10-16
Modesto_California_95351,c3264860e7a4f204e57804ce78a5552ae3f1b002ffc40918a1458d11722b33c3,2025-10-16
Philadelphia_Pennsylvania_19120,ac1664e33aadc30d0052c35e20daa3185cd7479bfa76b840a06bf59b98d0b73a,2025-10-16
Arlington_Virginia_22204,945fccca3870e4037a33eddb0cd444ae134df54ffcb6bcee87d0cbc308e1ca48,2025-10-16
Hollywood_Florida_33021,bf70313c1a41bd46806762a550b971d30d1f02c21cf27c83dfb61d8e7995c611,2025-10-16
Oklahoma City_Oklahoma_73120,66d5466714d0f1daba501cd665565b4430efe6985ec3e7bb6f9777aaa25f7a11,2025-10-16
Carol Stream_Illinois_60188,e5ba549620b252193d904497c46c42882d815e84fb7911d21348e0fd4da55fa8,2025-10-16
Murrieta_California_92563,252ebc341be10f4921879025f499b8e8461429af8a4de8a8effd57b5ff772723,2025-10-16
Salem_Oregon_97301,0a44f6b0ef263541604d8757571ea00379c495e08025e38b0170f0d3e15a3ea3,2025-10-16
Concord_North Carolina_28027,344832442b10c81ff22f940cc0fbcc30c7e10e71a8c897ad7157f13a49f6e4dc,2025-10-16
Akron_Ohio_44312,769078ce7ff9377e17407e565423226e954a16a22f5421205050a685837422ad,2025-10-16
Loveland_Colorado_80538,f497202a44e4d6035ba5141519d57a04aef0b23af8fb571d77afdf9843868529,2025-10-16
Cottage Grove_Minnesota_55016,7b203a451b5e9db5474b8675f1231b8562bf1ac59ebb73e9185708a51576c529,2025-10-16
Cincinnati_Ohio_45231,b730f35cfe229078b6d33ae71646b004d576d9f76b55796c23eaf600fa702be4,2025-10-16
Kent_Washington_98031,5afd04a594d8d3a6471f747e77aa8aa400056778a20f0608aa5e3dfc95922f47,2025-10-16
Elkhart_Indiana_46514,243b6d9a489d90e29ebb9cb06fd8ee237263a3d9fe5d0fbed58c5cd00b9dc747,2025-10-16
Madison_Wisconsin_53711,0a7288bf7fc3dee90495d5cb0d14560894124555c557df0db202cb44d5392aac,2025-10-16
Bozeman_Montana_59715,b19322a11a65f02386f7e906443ed65007fb452bebb6dbe2c111699ab430edf1,2025-10-16
The Colony_Texas_75056,488e18a79e46422bcd8be8a1ae3b7369076cc65b34a74121ea63e519170c6345,2025-10-16
Rio Rancho_New Mexico_87124,2300ec4af454b753d683b521670b9842fc9ede002b53f933fd7cfbec48d689ca,2025-10-16
Andover_Massachusetts_1810,73f32318e931dcb568a189d379fee480541773d3141a3b6e52a926040b449818,2025-10-16
Tucson_Arizona_85705,5f3b8953ee27678ca43a18930152c901c8b8409182f1e103ad6553163fd17add,2025-10-16
Dearborn_Michigan_48126,f8ff0c65f2ad6c6916ddc92bade807b64583aa8b05920b762abaf38401c0fad6,2025-10-16
Lawrence_Indiana_46226,d583259eeaa40710f902abc3605d5443ac997918959c0e0f74da3d9510e10ebf,2025-10-16
El Cajon_California_92020,19c174baad0c8ed7214a5631be36513961019eba70ad9cc92ae5b6b7ef6e96db,2025-10-16
Allen_Texas_75002,c095d3536399969f8a9f78ab4b3c8110de78c40ead877fdf205cc544493fae8b,2025-10-16
Georgetown_Kentucky_40324,7a79ab4ae7d80d435316f488784af095a2efda22755cd97e0a6452560e088a7a,2025-10-16
Chula Vista_California_91911,d7fc4cc8db07f4b2d7b65d1aed917beec6599edce35926d9b332dbfcfcd022c3,2025-10-16
Fremont_Nebraska_68025,1ce65ba1062dad3026b153761c22d5f191cc13b8c76ab7b6071e9d776d6acfe5,2025-10-16
Phoenix_Arizona_85023,874f3a7363b1836cfed1a4a45548ebfa1a607b5b312811daf2e785889897908e,2025-10-16
Vancouver_Washington_98661,26c1648739c1f6c4fbd5177aa8f7f849c44f3ba1297c94be020796418444103e,2025-10-16
New Brunswick_New Jersey_8901,303195528e10a66f57cb9d5c7ecfd1411d3f174954296789556dc63a77cf134d,2025-10-16
Perth Amboy_New Jersey_8861,feef7f615b96c1712619e8baabfad630a8bbb9fbef096e69d0d0dde0c2296a61,2025-10-16
Lafayette_Indiana_47905,1fb27b4fc977ef8e308f59ff5eea39e54a1bce43cdcdfe479c1f3d916773197e,2025-10-16
San Mateo_California_94403,9637c73d2ee8cbd48ba5407513bf8bf6ee8744b7f51b81f8e82185eabcd63a89,2025-10-16
Frankfort_Illinois_60423,d39b9cc55ba15434f3fdfcfad63e1a532aa41175ad0e4c8ad37fd4ea7a6b6956,2025-10-16
Wilson_North Carolina_27893,c71ea8dbc551c412718686db6374c767a6f37d564b6b7d7f72a29456df3b53ac,2025-10-16
Indianapolis_Indiana_46203,52ecc769fff0694a93363aa3f4a5eedb7da4256dde526e2e7806f045a7cca336,2025-10-16
Fort Worth_Texas_76106,38fb5c8968d6ab36b71ec60c7cdf94235cb2a8312a89ab57037edac916679678,2025-10-16
Houston_Texas_77070,1e3988ac826f80bcb15c5ab62f85a872f5cac2c3c6017e223611931ab3119417,2025-10-16
Newark_Ohio_43055,b88f2e75b98f8ca70228425139f6379050e6cb808ef3c752ab52e106f578635a,2025-10-16
Roswell_Georgia_30076,135c3141fdc0644f5cd14a23eebcfa4879377610d3594d26229490de58043b8d,2025-10-16
Broken Arrow_Oklahoma_74012,23e4c0411a299a1889524ded60fe9b7c9e2d50e05e1b34f37d3fc806869fe738,2025-10-16
Belleville_New Jersey_7109,921d07146eccb4beca6443af5bec7f29d23d4eda1e1b0b591559753028f5f260,2025-10-16
Auburn_New York_13021,8edec7082df818e4efb50375e169280fa7e8604ffb2aa486a8708600bdd93fbe,2025-10-16
Redondo Beach_California_90278,6239b31d9c4f6a5234acdec749d4c2d30e5ac81f3ea87f3b083bb8fced0d52ef,2025-10-16
Freeport_Illinois_61032,e861bfc13f062ced29a5e1ca866fd76f23d1ad9ba509e39763b7158902a5e539,2025-10-16
San Gabriel_California_91776,36c865ff8e162a48f4d3c6347895798212f413194a3635e32127a4a8f250b011,2025-10-16
Vallejo_California_94591,26e81220249ff36f77a4269c573a142f4ffe18971ad4f4a5e5c00a24a01d2ac1,2025-10-16
Springfield_Missouri_65807,9929924c4474488f86c5c534c9012534d409b7ac8ff8b2405389ca2c9171d346,2025-10-16
Santa Fe_New Mexico_87505,c607ce2a1d11bdd263520d045246fa1fcbf24d894684bae3efd7821e02992bc6,2025-10-16
Waterbury_Connecticut_6708,5e0117b7d77c17df45f388225117cb058223da1f6aa7a8c45ad99fc3dc6153d5,2025-10-16
Shelton_Connecticut_6484,d6f7fd03c442b1fdf82af33dc39233e5f1173738d884755cd62626bfc41b8b8d,2025-10-16
Jackson_Mississippi_39212,4bc212b5a9bb670246a6b9f8fe30572f3d3afac4d966d176a8ddbe12d6e0c7c3,2025-10-16
York_Pennsylvania_17403,5dd9bd4de31a29e345a4e3945d1a1b2e08baaca942384604aa6bfb9897db4159,2025-10-16
Billings_Montana_59102,073688b4ad324ef4b98e49ab44e1edab107b1d8f45a0b2d2e092b727d8afcf01,2025-10-16
Gaithersburg_Maryland_20877,87c4eb92066c3ea69b5a75e2e2408efdfa3e0648fc1becf3e729be374e264cea,2025-10-16
Lake Forest_California_92630,8ac981bf43752c5c3b84ecd32eae274f635c95ced02533e9f715bd10ffc0f77e,2025-10-16
Columbia_Maryland_21044,0b68420f59927a9f50a5652faf5bd7c357ce2d0ac4e309050cad5e8c4f3231b3,2025-10-16
Skokie_Illinois_60076,deb5ed78506266026de68b0ebfb4cc5175adb1c97fb79e74c21e1d557cc1f3a0,2025-10-16
North Charleston_South Carolina_29406,4b171ecf00aa167c1804495c8754a70b73782efa5c4e996f03baf9a147252cc6,2025-10-16
Las Cruces_New Mexico_88001,2166f7104c46d332291c3ae1f6619e341556eab4108891c8e6eb8fad5943fef8,2025-10-16
Frisco_Texas_75034,5221683759f3ce2eb7504e6f0ea4e304f8f817c57f063a01fa026e5823af798b,2025-10-16
Jupiter_Florida_33458,42d64cfff06677cc1906721d937a7335c8baab501c0f99e9573df195ad721033,2025-10-16
Marion_Iowa_52302,0a04f92e28ab5aac964a37dadd1c89fdf064f3dcb9d54ebae3570c389f084da3,2025-10-16
Edmonds_Washington_98026,1980808a25dd3f62baede9526e6905dd5fceeb1bc05d29805ca9fe17d9d46034,2025-10-16
Antioch_California_94509,d0d32854bd1234d00812631fca37cc48bda38a5167610ffac82e0c34e8d64a63,2025-10-16
Laguna Niguel_California_92677,6126fc4090dcddc07fadd35977482f1e728e280ce33ac0a2e5ab6e1eea42331f,2025-10-16
Fairfield_Ohio_45014,08803c9a11f2a676036961dca8b7910db16613b9e3abc40f38aebe7135e6a351,2025-10-16
Corpus Christi_Texas_78415,892a1b734a3102ecd0d149271f280649bbab19cfded6a28ea047f2d63bb001a1,2025-10-16
La Porte_Texas_77571,152060938d8aab21100e26358601b4e49a4ee2d52840091102aa5645f42ee387,2025-10-16
Everett_Massachusetts_2149,62ef9cd4ffb567895286a4694eb56e85a462043102d75af3b08fdf98376ff74e,2025-10-16
Rogers_Arkansas_72756,d70079906e942e24d9d3c2c37cbd01913b56731c08176f7da3eb61db8bce7888,2025-10-16
Los Angeles_California_90004,2636c6eb26f73cd707fc4be6b088af58c75af9a26b49b2e02490424c66e5e620,2025-10-16
Warner Robins_Georgia_31088,3d33fb364a0d8852dbaaa4154df9c76abac194191de9c42e3d5950b3ade868f3,2025-10-16
Bellingham_Washington_98226,be3aed0651b94f10e9bef53f9bb272c6158a5e7dfe38bf1c8dd7f1e6a3faf3c3,2025-10-16
Athens_Georgia_30605,17e599fbf16e3c5183fb4315897e06d2ebd60f4f3fd1e7edefbf25d82d686d6b,2025-10-16
Fairfield_Connecticut_6824,20cae5eca023ee9bb1b1354eeb0a4550d559a8094be202542f3391b35d851581,2025-10-16
Laredo_Texas_78041,8de713da9e5e24f2952b6055837d1aa3bb51da5e853325db8a12614432a1d7dd,2025-10-16
Yucaipa_California_92399,9a6124ea553805f382a9bda15d8ecc2644aa113fbec40256aa4ec6aaf4201b8c,2025-10-16
North Miami_Florida_33161,5d9ab366d515ad9972bf1bcc075255ea08c84b946c3cde324b4a2cc071e15958,2025-10-16
Buffalo Grove_Illinois_60089,899420759852568875f1e48860436ecc63b20c4b2afc36155ba3e4fac7e430fd,2025-10-16
Wheeling_Illinois_60090,4192faa64bfe1dd79d0e93ff3421cde70f532b6b5702e09fe6d949e4e58560db,2025-10-16
Lansing_Michigan_48911,df70c98bb3bf073d6f17d3fe4f52dd2095e8a892b32c184a21117c3541192a78,2025-10-16
Suffolk_Virginia_23434,c75f40b488976f8f9b1aeb060a3e32d9572310b71122719ea1eaa030869886fd,2025-10-16
Jacksonville_North Carolina_28540,c85496863814181e314a2139f96c79ddc57ecabc04829fedf1f5ee2c658324dc,2025-10-16
Milford_Connecticut_6460,adc4a270b1059a9a8aab417d54a362308900e7aa5f2224e8e412aa704f1a8b67,2025-10-16
Troy_New York_12180,f4c837e709a7a1c6f0b1927fe29a6e4a565c065cada80ad54d930b635c10e0bb,2025-10-16
Pompano Beach_Florida_33068,b9b1b9952f554c80c818278c0644ceba4baef07540fe049138e07ae366662cef,2025-10-16
Concord_New Hampshire_3301,53bfec2be46da0e933ea3252ced08dd47c1824a2c27d7ab269406d59939eee3d,2025-10-16
Garland_Texas_75043,297220465d9f12cae74f00d31e57b87a03de6a6900aa354f4cb4ddbc00e6e726,2025-10-16
Knoxville_Tennessee_37918,b3605ef695ffd3d470a849386ae669d5cd3d24e3611e1007ecf4941bf4986bf0,2025-10-16
Deer Park_Texas_77536,095a4ac0795f3eccdaad2e75e52529316656aef4ae62b113eebf6175df6abde8,2025-10-16
Cleveland_Ohio_44105,b5e5e2ac73abc59df98313f61efa9366324b724ca6f036d6e079c475e77c8b2b,2025-10-16
Washington_District of Columbia_20016,92fd54fa4c641f18ace3589f32e434df2f54e8593aa920cd83ea09ea74e9ba2f,2025-10-16
Philadelphia_Pennsylvania_19140,96ccbc59dd4252fdbdf34a4acafb5f9fe54e77fb32c9c592cabac49c55ae8da3,2025-10-16
Raleigh_North Carolina_27604,81db9fecdd8d1fda1694b505451f7dd6cb53a8ee071e3d8e7f6193b688b81999,2025-10-16
Pasco_Washington_99301,8e097842972f01732b480fcdce7257817548bba27c009017f9378d0f1a35bded,2025-10-16
Wilmington_Delaware_19805,e7ebe96952b6a5ed7441179e7f4c4ac7328df6be1c8b6e225cac64995d6d2a86,2025-10-16
Franklin_Wisconsin_53132,57da05b7600611dc7f3d4e2b11f063ef23046cf60e81ad8f36b1d3a36432e7a2,2025-10-16
Chester_Pennsylvania_19013,433331531b090fe31c35b7915e437bbeca5ec4db636bbb65997b9de4354f110b,2025-10-16
Norwich_Connecticut_6360,36259ff749dc12c5a62dddc61a68b230da420e21e3275a207df43a2365bfce8b,2025-10-16
Westminster_California_92683,66a9288d1484761c48f134629aef1d7629fcb7a3af72ad9dac5b7a356444a12a,2025-10-16
Norfolk_Nebraska_68701,1ca06e3d61835432db14012b8e31c10749e7ac034b9d7ba93704d9f9804daee7,2025-10-16
Philadelphia_Pennsylvania_19143,89a8f1896f95d3844260c5c504f2f9b5c28d35c0b80c4b12514338d64cd9fb16,2025-10-16
Detroit_Michigan_48234,6ca674258bf5524548347adc38af14f05b0a7c3e480a18798c99a5dc72ba3791,2025-10-16
Wichita_Kansas_67212,0bfb9e26eec571ff3d665a768ad5ed08ac076d57b3c826e1d09bf69d4ee4fea2,2025-10-16
San Marcos_Texas_78666,c148a6e209a56e86f08ef993052d4260815b1e033757a8152ee0351bca543915,2025-10-16
Austin_Texas_78745,6eb33bb8fa40a46004ef33f6cd4e7f6c89223af6f8f042f6fdf06927bdd77100,2025-10-16
Thousand Oaks_California_91360,1abc343013c33737dcf73ddd6ad90c46bf7ea3b76299c79cf1131ffce15a571b,2025-10-16
Saint Charles_Missouri_63301,c894db280ecbaf106b32f2a9b6fc5f4a40f01fd93e8936d89bfcc244598c276b,2025-10-16
Clifton_New Jersey_7011,73d2c1b2b32617981eba6e486d2cff483d376f02115cb22fd627449a9681bc5c,2025-10-16
Bowling Green_Ohio_43402,604fa1360336399850edcaf0ff37dc784691b48902abfc953495ac428eb9881c,2025-10-16
Rochester_Minnesota_55901,c688e90dc894d5f8190fdd5896b76432bcf9dba2b7507f3dd31db500b32b8f57,2025-10-16
San Diego_California_92024,60bf35c6b503a67b213b2ec3096248f11f7474c0a6751e3aa0b3a6e4b4e426f8,2025-10-16
Plano_Texas_75023,05e17f0a822cb92cd8cf9868adf356475aa5a43d9733d986079ae2d9b87bdc95,2025-10-16
Waukesha_Wisconsin_53186,42a237351626efab86ce460ce55eb676c1e04d5bc3c0a15824cac99ed90bca13,2025-10-16
Mcallen_Texas_78501,2410b06cd320079df49f067d48ccfb61224fa0a8797ef0870d70bc8482c012cf,2025-10-16
Mentor_Ohio_44060,99b879ce3f94e6a55ca362f4bcb445098a7a9b21099d37f1812d1a7067f03fe4,2025-10-16
Urbandale_Iowa_50322,ad463d1bc70c6d62198eb25e9735848c79950b271749d3480a44719130bb6d62,2025-10-16
Norman_Oklahoma_73071,fe7a424a7b024df41e08c82d0c7cc6e2cf4eb0592de42f0fedd3e5bab942c638,2025-10-16
Providence_Rhode Island_2908,705de501567193545acd4bfddb585d736f9f12e79f6905a10e1e0148fc138117,2025-10-16
Pharr_Texas_78577,487846b41892701ea6b21a4c9dea07b864865f6893c968b9e8b83c2ad8688a5f,2025-10-16
Grand Island_Nebraska_68801,58d66ca37899c8050dd24a11d65c7945c93d0446eabeb9e08e835b0597eec511,2025-10-16
Morgan Hill_California_95037,a56c2eca3fbb7cf0276cb4742dae242e40c1c3096bf82cd8e5dcef7ba11564e3,2025-10-16
Oswego_Illinois_60543,1e5350846e8a679b5b7076edb7dbf8ae56d142bdd404d0a44481a3831c6b36f1,2025-10-16
Hialeah_Florida_33012,671a5d13a1b00d281baba1f90a6a5b39f76282a3b55ee09c322a70976ac64f1f,2025-10-16
Alexandria_Virginia_22304,a9c071e960924db2c04b8bf04f005775dc7238cf84bfd230fec872600168c430,2025-10-16
Greenville_North Carolina_27834,84d3b7eb0113a41ed231c2a1b0704e23ac92aca79be7796994c7d0d708a67954,2025-10-16
Bayonne_New Jersey_7002,410050bb5eca209d7fc02cc7e4a6c3faa10e06a92a2fcecb52306e024dd973ce,2025-10-16
Meridian_Idaho_83642,0dd830b737791b9f0329fd8640c95299347f822ea34d2de5cd3292e77b0a4327,2025-10-16
Nashua_New Hampshire_3060,c3921a552578cccf945f0a98c4478f59db18d9529d1ae2a5145ac650de11f264,2025-10-16
Taylor_Michigan_48180,b1c20d8adc624db5e5f5619c6d53699bf0deb90e77ec37ddcd5fb3a324553ded,2025-10-16
Freeport_New York_11520,8fd262cb2cf01418a2c9ab29dd2f46facbd1ccf51d7a9b22f844f6e288c99b2f,2025-10-16
El Paso_Texas_79907,9294feed1e2b8274479dbc2d9ca3270264fdbca96902d2479c01d1ec0f9a0f06,2025-10-16
Woodstock_Georgia_30188,c7ba1bb6401776723b6a6eb2e0a91d5be9ff1186c752a9af3c5f1301fd32520a,2025-10-16
Bridgeton_New Jersey_8302,189478e5224c75834898d26bcde14cddb754f8f2d63ce1a44ae8caf2b390c954,2025-10-16
Pasadena_Texas_77506,99838a5faa42b6e2b7619ecf1a22bed5c30af146ce40b5a7afef72723dbca44c,2025-10-16
Detroit_Michigan_48205,4705f36fa40d02e94d15bb518abda14212349a3a88a74cbb5db4283d47611def,2025-10-16
Bowling Green_Kentucky_42104,6916bc841fc2713cb37a1d4be956b62cc9dc16cbb0a738a44f0bf9196e6466c1,2025-10-16
South Bend_Indiana_46614,1f0d577b8d6e4e42fcd52b8158b093c4245308c6535df87a3cab519541298c12,2025-10-16
Niagara Falls_New York_14304,01fb2279f4720560a02bb09a9907a3389a890ec61ca842987239eecde7d53c94,2025-10-16
Lewiston_Maine_4240,ebb7fc31d1faca88d7238f3aa6c81883292a6e375d115ae36c2de8a44aacfd86,2025-10-16
Lehi_Utah_84043,6faf48f5be6e5847dc0bdf2959768fb090a38fb75298f70fcebaa98ef057f6ee,2025-10-16
Royal Oak_Michigan_48073,e5607acf2c54ec70a88ecce01b371cf852ee65bd877c4acdf03044147d680f62,2025-10-16
Coppell_Texas_75019,df60c89cbd83d8170aa857e3eed99a330a7b82f7dc4b82fe4443d3b334aca196,2025-10-16
Sunnyvale_California_94086,ef8dc3105997e68e3e7a46519db37587ead72d12e38c7ed3355aafa49c267a26,2025-10-16
Orland Park_Illinois_60462,397ec1618a77a50c9e29f4d50822e8c47b1bd2cce9ce941aed4fb1d30f74f509,2025-10-16
La Porte_Indiana_46350,1dd12e88e41f17163c734462a54df5f59b6b28811c2ca49975642341cbed0bca,2025-10-16
Danville_California_94526,bcca96d0830f5e7c074438bca36517c25d5977aa82a74127c47d069c5e9362b4,2025-10-16
Missoula_Montana_59801,8a84522db43c37267230181cdb3aa7d32de41a5492382df4207e95f0ed7f2e8b,2025-10-16
Chesapeake_Virginia_23320,6748530398ba77288a0d08bc2b579ddc4d3ad0725f77f7250677618d4694f2a3,2025-10-16
New Castle_Indiana_47362,0ae78f5daa20fec201f42d6c0dbce7d5a3c1908de30de183be440beed230935e,2025-10-16
Englewood_Colorado_80112,9e49ed343ef9cebdaabeaa4fdf172471d50451015afd429b6b9f91e789beabf5,2025-10-16
Huntington Beach_California_92646,01e8aa1f1b055f5ce11241d045628c88cd5b53671021ebeb015d999be90de6e8,2025-10-16
Dover_Delaware_19901,3a4e22de540e5a20e021de39e855c98112a7eaa5ad6ee7896ddec248397f6466,2025-10-16
Bullhead City_Arizona_86442,1673df6b2fbac80a2fd0af8cb3557b85723efaa0f9fe58dcf17d3c2b42e17a55,2025-10-16
Pensacola_Florida_32503,e7b2b30280b1626481a3989e6af6217657128d6285f10d090d027ceb3f0586cf,2025-10-16
Los Angeles_California_90049,b9cb1428cde0181798bfd0706bc19a927c38857d7f0f3301f98f8eddf585c0b8,2025-10-16
Mount Pleasant_Michigan_48858,591ee2cb018a8cbec3f67eb2a38b42947cf25b686ffe1104bfc9cc24cf5e3586,2025-10-16
Tampa_Florida_33614,122d472fd1e889be87262c28c7b1aa7e6b013091059c22ddf49ee0ce1b1ad511,2025-10-16
Wilmington_North Carolina_28403,0501e71de19f833eb6d53b178f52fc24c1ebf7671b9b35f0d8ca1345c5b56158,2025-10-16
Smyrna_Tennessee_37167,3d8e347948e4b69a7d12f6ddc6f2a7bce46fe5c3fb0856b10beac8a51d4fbf75,2025-10-16
Marion_Ohio_43302,06ced688d19c222edb465df68ecf5779fefb6a8078045d2764cd926c828c1f03,2025-10-16
Oak Park_Michigan_48237,1900d0e14dcced957577ce7889cc746409d88b8ae7040dbdf3b278d23463174c,2025-10-16
Pasadena_California_91104,3efafc102fb5a152266d038b4d62252b956eda00d2b4fd4f88e88db695784f65,2025-10-16
Scottsdale_Arizona_85254,b4641d8feb6207dbcf434144b6690e65071ecf2cb2b0176ee675b8317cd66639,2025-10-16
Lancaster_California_93534,01f22b92c3c4bc65cab71f3f829a6208cf61456c48533ac6e79a5362072a875b,2025-10-16
Champaign_Illinois_61821,894f40d21b962156a9dec84d0c4b8ed8e01a0d7702f18889394b9e6655cef1d4,2025-10-16
Tuscaloosa_Alabama_35401,eee75fcafcf9d7febd5538dedd07a23a3ed9318f707fbc041c962d159fb40a1f,2025-10-16
Waterloo_Iowa_50701,edd11fd5d0fde2234602c2ad2cf3c648160d05377eb8e8eda33c04d168872ac9,2025-10-16
Homestead_Florida_33030,18ae1165f92681c92b3320ad38e6d226d39ecde200847f34975efd665db34155,2025-10-16
Greensboro_North Carolina_27405,1ae5711994d9dc383cc46c844e02eaa535003bee08b4f97c5ef84163fb2248da,2025-10-16
Moreno Valley_California_92553,9f45373eb13c2e7e9e064719e772154ff7c5b29183a9e81790107541ae0abf8d,2025-10-16
Palm Coast_Florida_32137,3d08da4091b84ed76aa299a7e676446377f053ae5670e34f02e447bdf692ccf0,2025-10-16
Gulfport_Mississippi_39503,4c314bde2eb1cd2707879e020f65285ed94284baada17732e821337fac709f11,2025-10-16
Mobile_Alabama_36608,3b78e08de11eb9d2e09b7a7c9c73a8ae29325efe496335f9ee45112a59e6d871,2025-10-16
San Francisco_California_94122,017f4351cd6b527d46fa5905dacf5800c4360075cb431745b84281345f841c2c,2025-10-16
Lakeland_Florida_33801,cc8ec2a19e6b174441cd8f58b7045e9e327edc634138bb0b93d8630428da592e,2025-10-16
Auburn_Washington_98002,84155c18c058c543f0967e656abb9792bd2b71a01b41420b0ad888d166a2944a,2025-10-16
Longmont_Colorado_80501,4c471987961e6fa36828f7f1eedaf7acf3ad753ce34327507b15281a906a0596,2025-10-16
Eagan_Minnesota_55122,9094088977c850346374553ab031dbd4ccdc879510baa9be5b263aa6c5a1d6ee,2025-10-16
Huntsville_Texas_77340,542ceca96fbbdac65943e0ef094810364c95c11d23a8fa62d5994c47b27f87df,2025-10-16
Redmond_Oregon_97756,46e47ac8d91b58ae935e7957a665f3d4dbd0d87ba3ea7d93d7b2f035fce3b4ef,2025-10-16
Burlington_Vermont_5408,ed7c2ff1740d3a59a4a9123f83ddbb57d7f8c7048c088111e75d84fd329b2937,2025-10-16
Troy_Ohio_45373,fe72fbf6d8f8d588768e347005d194e59e054c24ad8c1dd86af60825e68bd770,2025-10-16
Iowa City_Iowa_52240,da1707a1e06ecb6da3443e4f27d2d30e05b2c49140ccdec5b0baa1c99ec37dd6,2025-10-16
Clovis_New Mexico_88101,c7d1d3f097fd6d0f34bf6ace12ab7a8e0662ad79fa3ced65e3311cc3e4bf97ed,2025-10-16
Seattle_Washington_98105,84fd90f0fc5b129b60a783ba7925c0f5039f372baaadd85cfe6ff4eecf3d9173,2025-10-16
Colorado Springs_Colorado_80906,17bdd7acf000e969420f7fb44c6a5c3ffed057ed71088a634c02d7824ad04a00,2025-10-16
Rochester_New York_14609,0e509e204a04edc089ec684b1ba9167e052655cc5a2e8838ee0d93a80a421111,2025-10-16
Newport News_Virginia_23602,e324977d5c84cf15018c2394b385cc010523755725f837d93df18123c1ab51bb,2025-10-16
Ann Arbor_Michigan_48104,dd35050bf4516861488bd2a25fa695423b45768f712e77114024ed66525b5f30,2025-10-16
Marlborough_Massachusetts_1752,c08411d35be245ad8f481c4764dc03f59d268e212741988cce7491e74ac441c8,2025-10-16
Saint Paul_Minnesota_55106,3a03f568aad44a54c0248e98ef1a7c76c214c6d708aa329a7672cd85e8f02044,2025-10-16
Seattle_Washington_98115,bfd33c7db377862da9288d9eea5f1446252057a29af4d4c33f320d0602492a82,2025-10-16
Concord_California_94521,27a8b7668fca6f144d413cefe9eb760a9fb53b981c12a0175925d6c1adb3528b,2025-10-16
Middletown_Connecticut_6457,1f417a744601f47116ee1b5acb8764f8227bb1cc4dc067eef13a9ba3bada8564,2025-10-16
Altoona_Pennsylvania_16602,9fd24ec375632f1f5accf2338e836d503a925c7c8ed92bade6951992dfab7a0e,2025-10-16
Amarillo_Texas_79109,e6e93295cae074d177a08c8e5a3231bedc845a97b61616a7de3436ebeca778b3,2025-10-16
Tallahassee_Florida_32303,e416c23721aa21e56bbf40e065f72d5c6b2e6bd79fd3e9309be28c3d9112eb60,2025-10-16
West Palm Beach_Florida_33407,2bdbc34e4dba1f8cd27a4b3f456282ac1d9e4420ad42653bb83953278eb0ac61,2025-10-16
Bloomington_Illinois_61701,9613c52120432057f1543ad8aa0c12bd1c2fbc31939f75f9d944bfaf62c14f25,2025-10-16
Dublin_Ohio_43017,f369e93fb49e95988090adb9f6f8970abc8ee35db43a326c8339efbec41e603a,2025-10-16
Lakewood_New Jersey_8701,ff6df2ec3e84ecf3d0156546ae4335065f9de6f1d086f527bfceccdb85dc76a4,2025-10-16
Lincoln Park_Michigan_48146,fc46f2ddf24b37334e0115d35b03fb7299a3eafe614c2a262a4e0c1a1797dc24,2025-10-16
Sioux Falls_South Dakota_57103,136673b453ce5b48940156f589ec01abf0ae7a009b3746e80b44e7708f7fc424,2025-10-16
Mansfield_Texas_76063,8184bae69a267fa813f2d775713bfba1f59913bd676b916f3fcad999ab785451,2025-10-16
Mason_Ohio_45040,df59129ed6cce8f6485cf701802a04a148bdf325987bfd304555226d9949c5b5,2025-10-16
Oak Park_Illinois_60302,658a4b21d2be9c0ae437d8ef55a74eca2bd985d8c4d75edb134a0d29bb4f511d,2025-10-16
Burbank_California_91505,a8220bf0e69686f3c8cc47c9cc1c9d97a4470d583e0a38c4c1304041f1ac1cfc,2025-10-16
Dublin_California_94568,a4201ab69b9c8da71cfaddec368965db1f89258cdc29ef6ebf3ce05d06462c1c,2025-10-16
Seattle_Washington_98103,d984044cf8ea46f4c5225d33b56707fc5e696ce19179dae249f904cf206d088d,2025-10-16
Everett_Washington_98208,1f8bb081912a2643afe08a646102a260d0fc587db52a8eda2d15ea6008eb7a7b,2025-10-16
Rockford_Illinois_61107,48085761dacab7ea211a6eaa0931881c1bbca8be8b301b251cd66bcfe209cfa4,2025-10-16
Olympia_Washington_98502,39f70e3762a9d48359ded7e5c1acab1384aec6e8af1d1c9e391de5a9709af63d,2025-10-16
Macon_Georgia_31204,c81817e1e95e043d0ac63c47b417e0a4d1d0ed0f73fe93c6da20d6cce1028477,2025-10-16
Owensboro_Kentucky_42301,356a7bd57f9af4b9c96c2c3cb0db6f26d74f3c810f891a673fd61f6400cdd73d,2025-10-16
Los Angeles_California_90036,841adf1e88036aef55a2af655b6ba59b08f52433b8215cb9dbcab925f078adc1,2025-10-16
Visalia_California_93277,d81a50b146124ee67eed0d10bd0569247e6a01d550d863a8587efd3eb75b7738,2025-10-16
Plantation_Florida_33317,202e139bdc7a253724ee389baf46fc43f4db917e67d26bc7dfcb06e594216286,2025-10-16
Danville_Illinois_61832,d8fbd8aae245b8efb9316372bd1360b8e8fa0846f2260006463c63709ee3c28d,2025-10-16
